"Category","Product Link"
"bep-ga","https://www.dienmayxanh.com/bep-ga/bep-ga-doi-sakura-sa-717pg?utm_flashsale=1"
"bep-ga","https://www.dienmayxanh.com/bep-ga/am-sunhouse-shb501mt"
"bep-ga","https://www.dienmayxanh.com/bep-ga/bep-ga-doi-kangaroo-kg207g"
"bep-ga","https://www.dienmayxanh.com/bep-ga/bep-gas-am-sakura-sg-2525gb"
"bep-ga","https://www.dienmayxanh.com/bep-ga/bep-ga-am-duxton-dg-2bgv?utm_flashsale=1"
"bep-ga","https://www.dienmayxanh.com/bep-ga/sakura-sa-692sg"
"bep-ga","https://www.dienmayxanh.com/bep-ga/sakura-sa-690gh"
"bep-ga","https://www.dienmayxanh.com/bep-ga/bep-ga-doi-sunhouse-shb3105md"
"bep-ga","https://www.dienmayxanh.com/bep-ga/bep-ga-doi-sunhouse-shb3223mt"
"bep-ga","https://www.dienmayxanh.com/bep-ga/sunhouse-mama-mmbb0787mt"
"bep-ga","https://www.dienmayxanh.com/bep-ga/sunhouse-shb3365"
"bep-ga","https://www.dienmayxanh.com/bep-ga/kangaroo-kg516m"
"bep-ga","https://www.dienmayxanh.com/bep-ga/sakura-sa-695sg?utm_flashsale=1"
"bep-ga","https://www.dienmayxanh.com/bep-ga/bep-gas-mini-namilux-nh-p3031as"
"bep-ga","https://www.dienmayxanh.com/bep-ga/bep-gas-don-sunhouse-shb212kg"
"bep-ga","https://www.dienmayxanh.com/bep-ga/bep-ga-doi-electrolux-etg7287gkr"
"bep-ga","https://www.dienmayxanh.com/bep-ga/bep-gas-doi-duxton-dg-368?utm_flashsale=1"
"bep-ga","https://www.dienmayxanh.com/bep-ga/bep-ga-doi-kangaroo-kggs69g7"
"bep-ga","https://www.dienmayxanh.com/bep-ga/bep-ga-doi-sakura-sa-d602bg"
"bep-ga","https://www.dienmayxanh.com/bep-ga/rinnai-rv-mc27be"
"bep-ga","https://www.dienmayxanh.com/bep-ga/bep-gas-mini-duxton-dg-150?utm_flashsale=1"
"bep-ga","https://www.dienmayxanh.com/bep-ga/bep-ga-doi-kangaroo-kggs69g6"
"bep-ga","https://www.dienmayxanh.com/bep-ga/mini-namilux-nh-p2915ps"
"bep-ga","https://www.dienmayxanh.com/bep-ga/bep-ga-doi-sakura-sa-d707lg"
"bep-ga","https://www.dienmayxanh.com/bep-ga/mini-namilux-nh-p3031ps"
"bep-ga","https://www.dienmayxanh.com/bep-ga/kangaroo-kg519m"
"bep-ga","https://www.dienmayxanh.com/bep-ga/bep-ga-don-duxton-dg-250"
"bep-ga","https://www.dienmayxanh.com/bep-ga/bep-ga-doi-electrolux-etg7267gkr"
"bep-ga","https://www.dienmayxanh.com/bep-ga/bep-ga-doi-kangaroo-kg8g1c"
"bep-ga","https://www.dienmayxanh.com/bep-ga/bep-ga-doi-sunhouse-mama-mmb3569mt"
"bep-ga","https://www.dienmayxanh.com/bep-ga/bep-ga-doi-duxton-dg-868"
"bep-ga","https://www.dienmayxanh.com/bep-ga/bep-ga-doi-kangaroo-kggs67g2?utm_flashsale=1"
"bep-ga","https://www.dienmayxanh.com/bep-ga/rinnai-rv-mc15g"
"bep-ga","https://www.dienmayxanh.com/bep-ga/doi-sunhouse-shb3326mt"
"bep-ga","https://www.dienmayxanh.com/bep-ga/bep-gas-am-electrolux-ehg723ba"
"bep-ga","https://www.dienmayxanh.com/bep-ga/rinnai-rv-370-sm?utm_flashsale=1"
"bep-ga","https://www.dienmayxanh.com/bep-ga/sakura-sa-2375gb"
"bep-ga","https://www.dienmayxanh.com/bep-ga/bep-ga-doi-sakura-sa-d802hg?utm_flashsale=1"
"bep-ga","https://www.dienmayxanh.com/bep-ga/am-sunhouse-shb5546mt"
"bep-ga","https://www.dienmayxanh.com/bep-ga/bep-gas-am-sunhouse-shb62040-md"
"bep-ga","https://www.dienmayxanh.com/bep-ga/bep-gas-doi-duxton-dg-430"
"bep-ga","https://www.dienmayxanh.com/bep-ga/am-electrolux-ehg8250bc"
"bep-ga","https://www.dienmayxanh.com/bep-ga/duxton-dg-290"
"bep-ga","https://www.dienmayxanh.com/bep-ga/bep-ga-am-sunhouse-shb63020-md"
"bep-ga","https://www.dienmayxanh.com/bep-ga/am-electrolux-ehg8251bc"
"bep-ga","https://www.dienmayxanh.com/bep-ga/bep-ga-doi-electrolux-etg7257gkr"
"bep-ga","https://www.dienmayxanh.com/bep-ga/rinnai-rv-3715gl-bc"
"bep-ga","https://www.dienmayxanh.com/bep-ga/bep-gas-doi-duxton-dg-595"
"bep-ga","https://www.dienmayxanh.com/bep-ga/bep-ga-doi-paloma-pa-7mej"
"bep-ga","https://www.dienmayxanh.com/bep-ga/sunhouse-mama-mmb33082-vmd"
"bep-ga","https://www.dienmayxanh.com/bep-ga/bep-ga-doi-paloma-pa-v71-eg"
"bep-ga","https://www.dienmayxanh.com/bep-ga/bep-ga-am-electrolux-ehg7202bf"
"bep-ga","https://www.dienmayxanh.com/bep-ga/doi-kangaroo-kg526m"
"bep-ga","https://www.dienmayxanh.com/bep-ga/am-electrolux-ehg8321bc"
"bep-ga","https://www.dienmayxanh.com/bep-ga/bep-ga-doi-paloma-pa-j51ce"
"bep-ga","https://www.dienmayxanh.com/bep-ga/bep-gas-doi-rinnai-rv-365-sw-n?utm_flashsale=1"
"bep-ga","https://www.dienmayxanh.com/bep-ga/bep-ga-doi-rinnai-rv-715slim-gl-sc"
"bep-ga","https://www.dienmayxanh.com/bep-ga/bep-ga-doi-electrolux-etg7266gkr"
"bep-ga","https://www.dienmayxanh.com/bep-ga/am-sunhouse-shb507-mt"
"bep-ga","https://www.dienmayxanh.com/bep-ga/bep-gas-am-sunhouse-shb62020-md"
"bep-ga","https://www.dienmayxanh.com/bep-ga/sunhouse-shb8836"
"bep-ga","https://www.dienmayxanh.com/bep-ga/bep-ga-doi-electrolux-etg7256gkr"
"bep-ga","https://www.dienmayxanh.com/bep-ga/bep-ga-am-kangaroo-kggs72g1u"
"bep-ga","https://www.dienmayxanh.com/bep-ga/bep-ga-am-kangaroo-kggs72g5u"
"bep-ga","https://www.dienmayxanh.com/bep-ga/bep-ga-am-sakura-sg-m522gb?utm_flashsale=1"
"bep-ga","https://www.dienmayxanh.com/bep-ga/bep-ga-doi-paloma-pa-j61pe-br"
"bep-ga","https://www.dienmayxanh.com/bep-ga/sakura-sa-2181eb"
"bep-ga","https://www.dienmayxanh.com/bep-ga/sunhouse-shb7736"
"bep-ga","https://www.dienmayxanh.com/bep-ga/bep-ga-am-electrolux-ehg7303bf"
"bep-ga","https://www.dienmayxanh.com/bep-ga/kiwa-kw-300g"
"bep-ga","https://www.dienmayxanh.com/bep-ga/sunhouse-shb5548mt"
"bep-ga","https://www.dienmayxanh.com/bep-ga/am-kangaroo-kg536b"
"bep-ga","https://www.dienmayxanh.com/bep-ga/bep-ga-doi-paloma-pa-6mej"
"bep-ga","https://www.dienmayxanh.com/bep-ga/bep-ga-doi-electrolux-etg7286gkr"
"bep-ga","https://www.dienmayxanh.com/bep-ga/bep-gas-am-sakura-sg-2530gb"
"bep-ga","https://www.dienmayxanh.com/bep-ga/bep-gas-am-electrolux-ehg7230be"
"bep-ga","https://www.dienmayxanh.com/bep-tu/bep-tu-ga-kaff-kf-088ig"
"bep-ga","https://www.dienmayxanh.com/bep-ga/bep-ga-am-hafele-hc-g783b-53866477"
